onset	duration	sample	trial_type	value
0	0.0001	1	New Segment	n/a
35.57	0.0001	355701	Stimulus	S  1
35.684	0.0001	356841	Stimulus	S  4
35.704	0.0001	357041	Stimulus	S  4
35.724	0.0001	357241	Stimulus	S  4
35.744	0.0001	357441	Stimulus	S  4
35.764	0.0001	357641	Stimulus	S  4
35.784	0.0001	357841	Stimulus	S  4
35.804	0.0001	358041	Stimulus	S  4
35.824	0.0001	358241	Stimulus	S  4
35.844	0.0001	358441	Stimulus	S  4
72.0477	0.0001	720478	Stimulus	S  2
78.0785	0.0001	780786	Stimulus	S  1
78.1925	0.0001	781926	Stimulus	S  4
78.2125	0.0001	782126	Stimulus	S  4
78.2325	0.0001	782326	Stimulus	S  4
78.2525	0.0001	782526	Stimulus	S  4
78.2725	0.0001	782726	Stimulus	S  4
78.2925	0.0001	782926	Stimulus	S  4
78.3125	0.0001	783126	Stimulus	S  4
78.3325	0.0001	783326	Stimulus	S  4
78.3525	0.0001	783526	Stimulus	S  8
110.5562	0.0001	1105563	Stimulus	S  2
112.9089	0.0001	1129090	Stimulus	S  1
113.0189	0.0001	1130190	Stimulus	S  8
113.0389	0.0001	1130390	Stimulus	S  4
113.0589	0.0001	1130590	Stimulus	S  4
113.0789	0.0001	1130790	Stimulus	S  4
113.0989	0.0001	1130990	Stimulus	S  4
113.1189	0.0001	1131190	Stimulus	S  4
113.1389	0.0001	1131390	Stimulus	S  4
113.1589	0.0001	1131590	Stimulus	S  8
113.1789	0.0001	1131790	Stimulus	S  4
146.1399	0.0001	1461400	Stimulus	S  2
152.1794	0.0001	1521795	Stimulus	S  1
152.2874	0.0001	1522875	Stimulus	S  4
152.3074	0.0001	1523075	Stimulus	S  4
152.3274	0.0001	1523275	Stimulus	S  4
152.3474	0.0001	1523475	Stimulus	S  4
152.3674	0.0001	1523675	Stimulus	S  4
152.3874	0.0001	1523875	Stimulus	S  4
152.4074	0.0001	1524075	Stimulus	S  4
152.4274	0.0001	1524275	Stimulus	S  8
152.4474	0.0001	1524475	Stimulus	S  8
182.657	0.0001	1826571	Stimulus	S  2
189.6858	0.0001	1896859	Stimulus	S  1
189.7918	0.0001	1897919	Stimulus	S  4
189.8118	0.0001	1898119	Stimulus	S  4
189.8318	0.0001	1898319	Stimulus	S  4
189.8518	0.0001	1898519	Stimulus	S  4
189.8718	0.0001	1898719	Stimulus	S  4
189.8918	0.0001	1898919	Stimulus	S  4
189.9118	0.0001	1899119	Stimulus	S  8
189.9318	0.0001	1899319	Stimulus	S  4
189.9518	0.0001	1899519	Stimulus	S  4
226.1636	0.0001	2261637	Stimulus	S  2
229.4223	0.0001	2294224	Stimulus	S  1
229.5383	0.0001	2295384	Stimulus	S  4
229.5583	0.0001	2295584	Stimulus	S  4
229.5783	0.0001	2295784	Stimulus	S  4
229.5983	0.0001	2295984	Stimulus	S  4
229.6183	0.0001	2296184	Stimulus	S  4
229.6383	0.0001	2296384	Stimulus	S  4
229.6583	0.0001	2296584	Stimulus	S  8
229.6783	0.0001	2296784	Stimulus	S  4
229.6983	0.0001	2296984	Stimulus	S  8
261.9	0.0001	2619001	Stimulus	S  2
265.5227	0.0001	2655228	Stimulus	S  1
265.6387	0.0001	2656388	Stimulus	S  8
265.6587	0.0001	2656588	Stimulus	S  4
265.6787	0.0001	2656788	Stimulus	S  4
265.6987	0.0001	2656988	Stimulus	S  4
265.7187	0.0001	2657188	Stimulus	S  4
265.7387	0.0001	2657388	Stimulus	S  4
265.7587	0.0001	2657588	Stimulus	S  8
265.7787	0.0001	2657788	Stimulus	S  8
265.7987	0.0001	2657988	Stimulus	S  4
300.2538	0.0001	3002539	Stimulus	S  2
304.1712	0.0001	3041713	Stimulus	S  1
304.2852	0.0001	3042853	Stimulus	S  4
304.3052	0.0001	3043053	Stimulus	S  4
304.3252	0.0001	3043253	Stimulus	S  4
304.3452	0.0001	3043453	Stimulus	S  4
304.3652	0.0001	3043653	Stimulus	S  4
304.3852	0.0001	3043853	Stimulus	S  4
304.4052	0.0001	3044053	Stimulus	S  8
304.4252	0.0001	3044253	Stimulus	S  8
304.4452	0.0001	3044453	Stimulus	S  8
340.6489	0.0001	3406490	Stimulus	S  2
343.8476	0.0001	3438477	Stimulus	S  1
343.9616	0.0001	3439617	Stimulus	S  8
343.9816	0.0001	3439817	Stimulus	S  4
344.0016	0.0001	3440017	Stimulus	S  4
344.0216	0.0001	3440217	Stimulus	S  4
344.0416	0.0001	3440417	Stimulus	S  4
344.0616	0.0001	3440617	Stimulus	S  8
344.0816	0.0001	3440817	Stimulus	S  4
344.1016	0.0001	3441017	Stimulus	S  4
344.1216	0.0001	3441217	Stimulus	S  4
373.0786	0.0001	3730787	Stimulus	S  2
377.54	0.0001	3775401	Stimulus	S  1
377.642	0.0001	3776421	Stimulus	S  4
377.662	0.0001	3776621	Stimulus	S  4
377.682	0.0001	3776821	Stimulus	S  4
377.702	0.0001	3777021	Stimulus	S  4
377.722	0.0001	3777221	Stimulus	S  4
377.742	0.0001	3777421	Stimulus	S  8
377.762	0.0001	3777621	Stimulus	S  4
377.782	0.0001	3777821	Stimulus	S  4
377.802	0.0001	3778021	Stimulus	S  8
410.0178	0.0001	4100179	Stimulus	S  2
414.7965	0.0001	4147966	Stimulus	S  1
414.9085	0.0001	4149086	Stimulus	S  8
414.9285	0.0001	4149286	Stimulus	S  4
414.9485	0.0001	4149486	Stimulus	S  4
414.9685	0.0001	4149686	Stimulus	S  4
414.9885	0.0001	4149886	Stimulus	S  4
415.0085	0.0001	4150086	Stimulus	S  8
415.0285	0.0001	4150286	Stimulus	S  4
415.0485	0.0001	4150486	Stimulus	S  8
415.0685	0.0001	4150686	Stimulus	S  4
443.2781	0.0001	4432782	Stimulus	S  2
453.8089	0.0001	4538090	Stimulus	S  1
453.9149	0.0001	4539150	Stimulus	S  8
453.9349	0.0001	4539350	Stimulus	S  4
453.9549	0.0001	4539550	Stimulus	S  4
453.9749	0.0001	4539750	Stimulus	S  4
453.9949	0.0001	4539950	Stimulus	S  4
454.0149	0.0001	4540150	Stimulus	S  8
454.0349	0.0001	4540350	Stimulus	S  4
454.0549	0.0001	4540550	Stimulus	S  8
454.0749	0.0001	4540750	Stimulus	S  8
491.7867	0.0001	4917868	Stimulus	S  2
497.0375	0.0001	4970376	Stimulus	S  1
497.1535	0.0001	4971536	Stimulus	S  8
497.1735	0.0001	4971736	Stimulus	S  4
497.1935	0.0001	4971936	Stimulus	S  4
497.2135	0.0001	4972136	Stimulus	S  4
497.2335	0.0001	4972336	Stimulus	S  4
497.2535	0.0001	4972536	Stimulus	S  8
497.2735	0.0001	4972736	Stimulus	S  8
497.2935	0.0001	4972936	Stimulus	S  4
497.3135	0.0001	4973136	Stimulus	S  4
536.2686	0.0001	5362687	Stimulus	S  2
544.852	0.0001	5448521	Stimulus	S  1
544.97	0.0001	5449701	Stimulus	S  4
544.99	0.0001	5449901	Stimulus	S  4
545.01	0.0001	5450101	Stimulus	S  4
545.03	0.0001	5450301	Stimulus	S  4
545.05	0.0001	5450501	Stimulus	S  4
545.07	0.0001	5450701	Stimulus	S  8
545.09	0.0001	5450901	Stimulus	S  8
545.11	0.0001	5451101	Stimulus	S  4
545.13	0.0001	5451301	Stimulus	S  8
577.3297	0.0001	5773298	Stimulus	S  2
581.0264	0.0001	5810265	Stimulus	S  1
581.1304	0.0001	5811305	Stimulus	S  8
581.1504	0.0001	5811505	Stimulus	S  4
581.1704	0.0001	5811705	Stimulus	S  4
581.1904	0.0001	5811905	Stimulus	S  4
581.2104	0.0001	5812105	Stimulus	S  4
581.2304	0.0001	5812305	Stimulus	S  8
581.2504	0.0001	5812505	Stimulus	S  8
581.2704	0.0001	5812705	Stimulus	S  8
581.2904	0.0001	5812905	Stimulus	S  4
613.5042	0.0001	6135043	Stimulus	S  2
617.5349	0.0001	6175350	Stimulus	S  1
617.6429	0.0001	6176430	Stimulus	S  4
617.6629	0.0001	6176630	Stimulus	S  4
617.6829	0.0001	6176830	Stimulus	S  4
617.7029	0.0001	6177030	Stimulus	S  4
617.7229	0.0001	6177230	Stimulus	S  4
617.7429	0.0001	6177430	Stimulus	S  8
617.7629	0.0001	6177630	Stimulus	S  8
617.7829	0.0001	6177830	Stimulus	S  8
617.8029	0.0001	6178030	Stimulus	S  8
648.0126	0.0001	6480127	Stimulus	S  2
655.0413	0.0001	6550414	Stimulus	S  1
655.1493	0.0001	6551494	Stimulus	S  8
655.1693	0.0001	6551694	Stimulus	S  4
655.1893	0.0001	6551894	Stimulus	S  4
655.2093	0.0001	6552094	Stimulus	S  4
655.2293	0.0001	6552294	Stimulus	S  8
655.2493	0.0001	6552494	Stimulus	S  4
655.2693	0.0001	6552694	Stimulus	S  4
655.2893	0.0001	6552894	Stimulus	S  4
655.3093	0.0001	6553094	Stimulus	S  4
691.5191	0.0001	6915192	Stimulus	S  2
695.1958	0.0001	6951959	Stimulus	S  1
695.3018	0.0001	6953019	Stimulus	S  8
695.3218	0.0001	6953219	Stimulus	S  4
695.3418	0.0001	6953419	Stimulus	S  4
695.3618	0.0001	6953619	Stimulus	S  4
695.3818	0.0001	6953819	Stimulus	S  8
695.4018	0.0001	6954019	Stimulus	S  4
695.4218	0.0001	6954219	Stimulus	S  4
695.4418	0.0001	6954419	Stimulus	S  4
695.4618	0.0001	6954619	Stimulus	S  8
731.6736	0.0001	7316737	Stimulus	S  2
746.7044	0.0001	7467045	Stimulus	S  1
746.8084	0.0001	7468085	Stimulus	S  4
746.8284	0.0001	7468285	Stimulus	S  4
746.8484	0.0001	7468485	Stimulus	S  4
746.8684	0.0001	7468685	Stimulus	S  4
746.8884	0.0001	7468885	Stimulus	S  8
746.9084	0.0001	7469085	Stimulus	S  4
746.9284	0.0001	7469285	Stimulus	S  4
746.9484	0.0001	7469485	Stimulus	S  8
746.9684	0.0001	7469685	Stimulus	S  4
797.1823	0.0001	7971824	Stimulus	S  2
801.237	0.0001	8012371	Stimulus	S  1
801.357	0.0001	8013571	Stimulus	S  8
801.377	0.0001	8013771	Stimulus	S  4
801.397	0.0001	8013971	Stimulus	S  4
801.4171	0.0001	8014172	Stimulus	S  4
801.4371	0.0001	8014372	Stimulus	S  8
801.4571	0.0001	8014572	Stimulus	S  4
801.4771	0.0001	8014772	Stimulus	S  4
801.4971	0.0001	8014972	Stimulus	S  8
801.5171	0.0001	8015172	Stimulus	S  8
837.7148	0.0001	8377149	Stimulus	S  2
841.9735	0.0001	8419736	Stimulus	S  1
842.0875	0.0001	8420876	Stimulus	S  4
842.1075	0.0001	8421076	Stimulus	S  4
842.1275	0.0001	8421276	Stimulus	S  4
842.1475	0.0001	8421476	Stimulus	S  4
842.1675	0.0001	8421676	Stimulus	S  8
842.1875	0.0001	8421876	Stimulus	S  4
842.2075	0.0001	8422076	Stimulus	S  8
842.2275	0.0001	8422276	Stimulus	S  4
842.2475	0.0001	8422476	Stimulus	S  4
878.4513	0.0001	8784514	Stimulus	S  2
881.27	0.0001	8812701	Stimulus	S  1
881.384	0.0001	8813841	Stimulus	S  4
881.404	0.0001	8814041	Stimulus	S  4
881.424	0.0001	8814241	Stimulus	S  4
881.444	0.0001	8814441	Stimulus	S  4
881.464	0.0001	8814641	Stimulus	S  8
881.484	0.0001	8814841	Stimulus	S  4
881.504	0.0001	8815041	Stimulus	S  8
881.524	0.0001	8815241	Stimulus	S  4
881.544	0.0001	8815441	Stimulus	S  8
911.7477	0.0001	9117478	Stimulus	S  2
914.9624	0.0001	9149625	Stimulus	S  1
915.0824	0.0001	9150825	Stimulus	S  8
915.1024	0.0001	9151025	Stimulus	S  4
915.1224	0.0001	9151225	Stimulus	S  4
915.1424	0.0001	9151425	Stimulus	S  4
915.1624	0.0001	9151625	Stimulus	S  8
915.1824	0.0001	9151825	Stimulus	S  4
915.2024	0.0001	9152025	Stimulus	S  8
915.2224	0.0001	9152225	Stimulus	S  8
915.2424	0.0001	9152425	Stimulus	S  4
944.9441	0.0001	9449442	Stimulus	S  2
952.4748	0.0001	9524749	Stimulus	S  1
952.5908	0.0001	9525909	Stimulus	S  8
952.6108	0.0001	9526109	Stimulus	S  4
952.6308	0.0001	9526309	Stimulus	S  4
952.6508	0.0001	9526509	Stimulus	S  4
952.6708	0.0001	9526709	Stimulus	S  8
952.6908	0.0001	9526909	Stimulus	S  4
952.7108	0.0001	9527109	Stimulus	S  8
952.7308	0.0001	9527309	Stimulus	S  8
952.7508	0.0001	9527509	Stimulus	S  8
988.9526	0.0001	9889527	Stimulus	S  2
995.5813	0.0001	9955814	Stimulus	S  1
995.6993	0.0001	9956994	Stimulus	S  4
995.7193	0.0001	9957194	Stimulus	S  4
995.7393	0.0001	9957394	Stimulus	S  4
995.7593	0.0001	9957594	Stimulus	S  4
995.7793	0.0001	9957794	Stimulus	S  8
995.7993	0.0001	9957994	Stimulus	S  8
995.8193	0.0001	9958194	Stimulus	S  4
995.8393	0.0001	9958394	Stimulus	S  4
995.8593	0.0001	9958594	Stimulus	S  4
1026.059	0.0001	10260591	Stimulus	S  2
1029.0977	0.0001	10290978	Stimulus	S  1
1029.2237	0.0001	10292238	Stimulus	S  8
1029.2437	0.0001	10292438	Stimulus	S  4
1029.2637	0.0001	10292638	Stimulus	S  4
1029.2837	0.0001	10292838	Stimulus	S  4
1029.3037	0.0001	10293038	Stimulus	S  8
1029.3237	0.0001	10293238	Stimulus	S  8
1029.3437	0.0001	10293438	Stimulus	S  4
1029.3637	0.0001	10293638	Stimulus	S  4
1029.3837	0.0001	10293838	Stimulus	S  8
1061.5754	0.0001	10615755	Stimulus	S  2
1072.0922	0.0001	10720923	Stimulus	S  1
1072.2062	0.0001	10722063	Stimulus	S  4
1072.2262	0.0001	10722263	Stimulus	S  4
1072.2462	0.0001	10722463	Stimulus	S  4
1072.2662	0.0001	10722663	Stimulus	S  4
1072.2862	0.0001	10722863	Stimulus	S  8
1072.3062	0.0001	10723063	Stimulus	S  8
1072.3262	0.0001	10723263	Stimulus	S  4
1072.3462	0.0001	10723463	Stimulus	S  8
1072.3662	0.0001	10723663	Stimulus	S  4
1108.57	0.0001	11085701	Stimulus	S  2
1111.4547	0.0001	11114548	Stimulus	S  1
1111.5707	0.0001	11115708	Stimulus	S  4
1111.5907	0.0001	11115908	Stimulus	S  4
1111.6107	0.0001	11116108	Stimulus	S  4
1111.6307	0.0001	11116308	Stimulus	S  4
1111.6507	0.0001	11116508	Stimulus	S  8
1111.6707	0.0001	11116708	Stimulus	S  8
1111.6907	0.0001	11116908	Stimulus	S  4
1111.7107	0.0001	11117108	Stimulus	S  8
1111.7307	0.0001	11117308	Stimulus	S  8
1147.9325	0.0001	11479326	Stimulus	S  2
1156.0072	0.0001	11560073	Stimulus	S  1
1156.1132	0.0001	11561133	Stimulus	S  4
1156.1332	0.0001	11561333	Stimulus	S  4
1156.1532	0.0001	11561533	Stimulus	S  4
1156.1732	0.0001	11561733	Stimulus	S  4
1156.1932	0.0001	11561933	Stimulus	S  8
1156.2132	0.0001	11562133	Stimulus	S  8
1156.2332	0.0001	11562333	Stimulus	S  8
1156.2532	0.0001	11562533	Stimulus	S  4
1156.2732	0.0001	11562733	Stimulus	S  4
1192.485	0.0001	11924851	Stimulus	S  2
1196.6977	0.0001	11966978	Stimulus	S  1
1196.8157	0.0001	11968158	Stimulus	S  8
1196.8357	0.0001	11968358	Stimulus	S  4
1196.8557	0.0001	11968558	Stimulus	S  4
1196.8757	0.0001	11968758	Stimulus	S  4
1196.8957	0.0001	11968958	Stimulus	S  8
1196.9157	0.0001	11969158	Stimulus	S  8
1196.9357	0.0001	11969358	Stimulus	S  8
1196.9557	0.0001	11969558	Stimulus	S  4
1196.9757	0.0001	11969758	Stimulus	S  8
1236.1795	0.0001	12361796	Stimulus	S  2
1243.4663	0.0001	12434664	Stimulus	S  1
1243.5763	0.0001	12435764	Stimulus	S  8
1243.5963	0.0001	12435964	Stimulus	S  4
1243.6163	0.0001	12436164	Stimulus	S  4
1243.6363	0.0001	12436364	Stimulus	S  4
1243.6563	0.0001	12436564	Stimulus	S  8
1243.6763	0.0001	12436764	Stimulus	S  8
1243.6963	0.0001	12436964	Stimulus	S  8
1243.7163	0.0001	12437164	Stimulus	S  8
1243.7363	0.0001	12437364	Stimulus	S  4
1285.9441	0.0001	12859442	Stimulus	S  2
1298.8489	0.0001	12988490	Stimulus	S  1
1298.9609	0.0001	12989610	Stimulus	S  8
1298.9809	0.0001	12989810	Stimulus	S  4
1299.0009	0.0001	12990010	Stimulus	S  4
1299.0209	0.0001	12990210	Stimulus	S  4
1299.0409	0.0001	12990410	Stimulus	S  8
1299.0609	0.0001	12990610	Stimulus	S  8
1299.0809	0.0001	12990810	Stimulus	S  8
1299.1009	0.0001	12991010	Stimulus	S  8
1299.1209	0.0001	12991210	Stimulus	S  8
1337.58	0.0001	13375801	Stimulus	S  2
1343.6014	0.0001	13436015	Stimulus	S  1
1343.7034	0.0001	13437035	Stimulus	S  8
1343.7234	0.0001	13437235	Stimulus	S  4
1343.7434	0.0001	13437435	Stimulus	S  4
1343.7634	0.0001	13437635	Stimulus	S  8
1343.7834	0.0001	13437835	Stimulus	S  4
1343.8034	0.0001	13438035	Stimulus	S  4
1343.8234	0.0001	13438235	Stimulus	S  4
1343.8434	0.0001	13438435	Stimulus	S  4
1343.8634	0.0001	13438635	Stimulus	S  4
1376.0791	0.0001	13760792	Stimulus	S  2
1385.1139	0.0001	13851140	Stimulus	S  1
1385.2199	0.0001	13852200	Stimulus	S  4
1385.2399	0.0001	13852400	Stimulus	S  4
1385.2599	0.0001	13852600	Stimulus	S  4
1385.2799	0.0001	13852800	Stimulus	S  8
1385.2999	0.0001	13853000	Stimulus	S  4
1385.3199	0.0001	13853200	Stimulus	S  4
1385.3399	0.0001	13853400	Stimulus	S  4
1385.3599	0.0001	13853600	Stimulus	S  4
1385.3799	0.0001	13853800	Stimulus	S  8
1425.5917	0.0001	14255918	Stimulus	S  2
1432.5485	0.0001	14325486	Stimulus	S  1
1432.6665	0.0001	14326666	Stimulus	S  4
1432.6865	0.0001	14326866	Stimulus	S  4
1432.7065	0.0001	14327066	Stimulus	S  4
1432.7265	0.0001	14327266	Stimulus	S  8
1432.7465	0.0001	14327466	Stimulus	S  4
1432.7665	0.0001	14327666	Stimulus	S  4
1432.7865	0.0001	14327866	Stimulus	S  4
1432.8065	0.0001	14328066	Stimulus	S  8
1432.8265	0.0001	14328266	Stimulus	S  4
1475.0263	0.0001	14750264	Stimulus	S  2
1482.7531	0.0001	14827532	Stimulus	S  1
1482.8651	0.0001	14828652	Stimulus	S  8
1482.8851	0.0001	14828852	Stimulus	S  4
1482.9051	0.0001	14829052	Stimulus	S  4
1482.9251	0.0001	14829252	Stimulus	S  8
1482.9451	0.0001	14829452	Stimulus	S  4
1482.9651	0.0001	14829652	Stimulus	S  4
1482.9851	0.0001	14829852	Stimulus	S  4
1483.0051	0.0001	14830052	Stimulus	S  8
1483.0251	0.0001	14830252	Stimulus	S  8
1519.2308	0.0001	15192309	Stimulus	S  2
1525.4576	0.0001	15254577	Stimulus	S  1
1525.5696	0.0001	15255697	Stimulus	S  8
1525.5896	0.0001	15255897	Stimulus	S  4
1525.6096	0.0001	15256097	Stimulus	S  4
1525.6296	0.0001	15256297	Stimulus	S  8
1525.6496	0.0001	15256497	Stimulus	S  4
1525.6696	0.0001	15256697	Stimulus	S  4
1525.6896	0.0001	15256897	Stimulus	S  8
1525.7096	0.0001	15257097	Stimulus	S  4
1525.7296	0.0001	15257297	Stimulus	S  4
1560.4393	0.0001	15604394	Stimulus	S  2
1564.252	0.0001	15642521	Stimulus	S  1
1564.356	0.0001	15643561	Stimulus	S  8
1564.376	0.0001	15643761	Stimulus	S  4
1564.396	0.0001	15643961	Stimulus	S  4
1564.416	0.0001	15644161	Stimulus	S  8
1564.436	0.0001	15644361	Stimulus	S  4
1564.456	0.0001	15644561	Stimulus	S  4
1564.476	0.0001	15644761	Stimulus	S  8
1564.496	0.0001	15644961	Stimulus	S  4
1564.516	0.0001	15645161	Stimulus	S  8
1594.2337	0.0001	15942338	Stimulus	S  2
1598.1124	0.0001	15981125	Stimulus	S  1
1598.2164	0.0001	15982165	Stimulus	S  8
1598.2364	0.0001	15982365	Stimulus	S  4
1598.2564	0.0001	15982565	Stimulus	S  4
1598.2764	0.0001	15982765	Stimulus	S  8
1598.2964	0.0001	15982965	Stimulus	S  4
1598.3164	0.0001	15983165	Stimulus	S  4
1598.3364	0.0001	15983365	Stimulus	S  8
1598.3564	0.0001	15983565	Stimulus	S  8
1598.3764	0.0001	15983765	Stimulus	S  4
1628.5901	0.0001	16285902	Stimulus	S  2
1632.0288	0.0001	16320289	Stimulus	S  1
1632.1448	0.0001	16321449	Stimulus	S  8
1632.1648	0.0001	16321649	Stimulus	S  4
1632.1848	0.0001	16321849	Stimulus	S  4
1632.2048	0.0001	16322049	Stimulus	S  8
1632.2248	0.0001	16322249	Stimulus	S  4
1632.2448	0.0001	16322449	Stimulus	S  4
1632.2648	0.0001	16322649	Stimulus	S  8
1632.2848	0.0001	16322849	Stimulus	S  8
1632.3048	0.0001	16323049	Stimulus	S  8
1659.2598	0.0001	16592599	Stimulus	S  2
1673.5473	0.0001	16735474	Stimulus	S  1
1673.6533	0.0001	16736534	Stimulus	S  8
1673.6733	0.0001	16736734	Stimulus	S  4
1673.6933	0.0001	16736934	Stimulus	S  4
1673.7133	0.0001	16737134	Stimulus	S  8
1673.7333	0.0001	16737334	Stimulus	S  4
1673.7533	0.0001	16737534	Stimulus	S  8
1673.7733	0.0001	16737734	Stimulus	S  4
1673.7933	0.0001	16737934	Stimulus	S  4
1673.8133	0.0001	16738134	Stimulus	S  4
1714.0251	0.0001	17140252	Stimulus	S  2
1719.3898	0.0001	17193899	Stimulus	S  1
1719.4938	0.0001	17194939	Stimulus	S  4
1719.5138	0.0001	17195139	Stimulus	S  4
1719.5338	0.0001	17195339	Stimulus	S  4
1719.5538	0.0001	17195539	Stimulus	S  8
1719.5738	0.0001	17195739	Stimulus	S  4
1719.5938	0.0001	17195939	Stimulus	S  8
1719.6138	0.0001	17196139	Stimulus	S  4
1719.6338	0.0001	17196339	Stimulus	S  4
1719.6538	0.0001	17196539	Stimulus	S  8
1755.8676	0.0001	17558677	Stimulus	S  2
1760.1163	0.0001	17601164	Stimulus	S  1
1760.2243	0.0001	17602244	Stimulus	S  4
1760.2443	0.0001	17602444	Stimulus	S  4
1760.2643	0.0001	17602644	Stimulus	S  4
1760.2843	0.0001	17602844	Stimulus	S  8
1760.3043	0.0001	17603044	Stimulus	S  4
1760.3243	0.0001	17603244	Stimulus	S  8
1760.3443	0.0001	17603444	Stimulus	S  4
1760.3643	0.0001	17603644	Stimulus	S  8
1760.3843	0.0001	17603844	Stimulus	S  4
1794.594	0.0001	17945941	Stimulus	S  2
1797.6207	0.0001	17976208	Stimulus	S  1
1797.7267	0.0001	17977268	Stimulus	S  4
1797.7467	0.0001	17977468	Stimulus	S  4
1797.7667	0.0001	17977668	Stimulus	S  4
1797.7867	0.0001	17977868	Stimulus	S  8
1797.8067	0.0001	17978068	Stimulus	S  4
1797.8267	0.0001	17978268	Stimulus	S  8
1797.8467	0.0001	17978468	Stimulus	S  4
1797.8667	0.0001	17978668	Stimulus	S  8
1797.8867	0.0001	17978868	Stimulus	S  8
1828.0984	0.0001	18280985	Stimulus	S  2
1886.7018	0.0001	18867019	Stimulus	S  1
1886.8118	0.0001	18868119	Stimulus	S  8
1886.8318	0.0001	18868319	Stimulus	S  4
1886.8518	0.0001	18868519	Stimulus	S  4
1886.8718	0.0001	18868719	Stimulus	S  8
1886.8918	0.0001	18868919	Stimulus	S  4
1886.9118	0.0001	18869119	Stimulus	S  8
1886.9318	0.0001	18869319	Stimulus	S  8
1886.9518	0.0001	18869519	Stimulus	S  4
1886.9718	0.0001	18869719	Stimulus	S  4
1923.9289	0.0001	19239290	Stimulus	S  2
1928.3943	0.0001	19283944	Stimulus	S  1
1928.5043	0.0001	19285044	Stimulus	S  8
1928.5243	0.0001	19285244	Stimulus	S  4
1928.5443	0.0001	19285444	Stimulus	S  4
1928.5643	0.0001	19285644	Stimulus	S  8
1928.5843	0.0001	19285844	Stimulus	S  4
1928.6043	0.0001	19286044	Stimulus	S  8
1928.6243	0.0001	19286244	Stimulus	S  8
1928.6443	0.0001	19286444	Stimulus	S  4
1928.6643	0.0001	19286644	Stimulus	S  8
1961.376	0.0001	19613761	Stimulus	S  2
1965.9087	0.0001	19659088	Stimulus	S  1
1966.0167	0.0001	19660168	Stimulus	S  4
1966.0367	0.0001	19660368	Stimulus	S  4
1966.0567	0.0001	19660568	Stimulus	S  4
1966.0767	0.0001	19660768	Stimulus	S  8
1966.0967	0.0001	19660968	Stimulus	S  4
1966.1167	0.0001	19661168	Stimulus	S  8
1966.1367	0.0001	19661368	Stimulus	S  8
1966.1567	0.0001	19661568	Stimulus	S  8
1966.1767	0.0001	19661768	Stimulus	S  4
2002.3865	0.0001	20023866	Stimulus	S  2
2004.5992	0.0001	20045993	Stimulus	S  1
2004.7032	0.0001	20047033	Stimulus	S  4
2004.7232	0.0001	20047233	Stimulus	S  4
2004.7432	0.0001	20047433	Stimulus	S  4
2004.7632	0.0001	20047633	Stimulus	S  8
2004.7832	0.0001	20047833	Stimulus	S  4
2004.8032	0.0001	20048033	Stimulus	S  8
2004.8232	0.0001	20048233	Stimulus	S  8
2004.8432	0.0001	20048433	Stimulus	S  8
2004.8632	0.0001	20048633	Stimulus	S  8
2041.0769	0.0001	20410770	Stimulus	S  2
2043.5816	0.0001	20435817	Stimulus	S  1
2043.6996	0.0001	20436997	Stimulus	S  8
2043.7196	0.0001	20437197	Stimulus	S  4
2043.7396	0.0001	20437397	Stimulus	S  4
2043.7596	0.0001	20437597	Stimulus	S  8
2043.7796	0.0001	20437797	Stimulus	S  8
2043.7996	0.0001	20437997	Stimulus	S  4
2043.8196	0.0001	20438197	Stimulus	S  4
2043.8396	0.0001	20438397	Stimulus	S  4
2043.8596	0.0001	20438597	Stimulus	S  4
2076.0593	0.0001	20760594	Stimulus	S  2
2086.3501	0.0001	20863502	Stimulus	S  1
2086.4581	0.0001	20864582	Stimulus	S  8
2086.4781	0.0001	20864782	Stimulus	S  4
2086.4981	0.0001	20864982	Stimulus	S  4
2086.5181	0.0001	20865182	Stimulus	S  8
2086.5381	0.0001	20865382	Stimulus	S  8
2086.5581	0.0001	20865582	Stimulus	S  4
2086.5781	0.0001	20865782	Stimulus	S  4
2086.5981	0.0001	20865982	Stimulus	S  4
2086.6181	0.0001	20866182	Stimulus	S  8
2128.0813	0.0001	21280814	Stimulus	S  2
2132.8006	0.0001	21328007	Stimulus	S  1
2132.9166	0.0001	21329167	Stimulus	S  8
2132.9366	0.0001	21329367	Stimulus	S  4
2132.9566	0.0001	21329567	Stimulus	S  4
2132.9766	0.0001	21329767	Stimulus	S  8
2132.9966	0.0001	21329967	Stimulus	S  8
2133.0166	0.0001	21330167	Stimulus	S  4
2133.0367	0.0001	21330368	Stimulus	S  4
2133.0567	0.0001	21330568	Stimulus	S  8
2133.0767	0.0001	21330768	Stimulus	S  4
2163.2783	0.0001	21632784	Stimulus	S  2
2167.249	0.0001	21672491	Stimulus	S  1
2167.363	0.0001	21673631	Stimulus	S  4
2167.383	0.0001	21673831	Stimulus	S  4
2167.4031	0.0001	21674032	Stimulus	S  4
2167.4231	0.0001	21674232	Stimulus	S  8
2167.4431	0.0001	21674432	Stimulus	S  8
2167.4631	0.0001	21674632	Stimulus	S  4
2167.4831	0.0001	21674832	Stimulus	S  4
2167.5031	0.0001	21675032	Stimulus	S  8
2167.5231	0.0001	21675232	Stimulus	S  8
2199.7268	0.0001	21997269	Stimulus	S  2
2205.1815	0.0001	22051816	Stimulus	S  1
2205.2935	0.0001	22052936	Stimulus	S  8
2205.3135	0.0001	22053136	Stimulus	S  4
2205.3335	0.0001	22053336	Stimulus	S  4
2205.3535	0.0001	22053536	Stimulus	S  8
2205.3735	0.0001	22053736	Stimulus	S  8
2205.3935	0.0001	22053936	Stimulus	S  4
2205.4135	0.0001	22054136	Stimulus	S  8
2205.4335	0.0001	22054336	Stimulus	S  4
2205.4535	0.0001	22054536	Stimulus	S  4
2241.6592	0.0001	22416593	Stimulus	S  2
2244.3039	0.0001	22443040	Stimulus	S  1
2244.4139	0.0001	22444140	Stimulus	S  8
2244.4339	0.0001	22444340	Stimulus	S  4
2244.4539	0.0001	22444540	Stimulus	S  4
2244.4739	0.0001	22444740	Stimulus	S  8
2244.4939	0.0001	22444940	Stimulus	S  8
2244.5139	0.0001	22445140	Stimulus	S  4
2244.5339	0.0001	22445340	Stimulus	S  8
2244.5539	0.0001	22445540	Stimulus	S  4
2244.5739	0.0001	22445740	Stimulus	S  8
2277.7817	0.0001	22777818	Stimulus	S  2
2280.6664	0.0001	22806665	Stimulus	S  1
2280.7804	0.0001	22807805	Stimulus	S  8
2280.8004	0.0001	22808005	Stimulus	S  4
2280.8204	0.0001	22808205	Stimulus	S  4
2280.8404	0.0001	22808405	Stimulus	S  8
2280.8604	0.0001	22808605	Stimulus	S  8
2280.8804	0.0001	22808805	Stimulus	S  4
2280.9004	0.0001	22809005	Stimulus	S  8
2280.9204	0.0001	22809205	Stimulus	S  8
2280.9404	0.0001	22809405	Stimulus	S  4
2312.6481	0.0001	23126482	Stimulus	S  2
2322.4309	0.0001	23224310	Stimulus	S  1
2322.5349	0.0001	23225350	Stimulus	S  8
2322.5549	0.0001	23225550	Stimulus	S  4
2322.5749	0.0001	23225750	Stimulus	S  4
2322.5949	0.0001	23225950	Stimulus	S  8
2322.6149	0.0001	23226150	Stimulus	S  8
2322.6349	0.0001	23226350	Stimulus	S  4
2322.6549	0.0001	23226550	Stimulus	S  8
2322.6749	0.0001	23226750	Stimulus	S  8
2322.6949	0.0001	23226950	Stimulus	S  8
2363.162	0.0001	23631621	Stimulus	S  2
2369.9394	0.0001	23699395	Stimulus	S  1
2370.0474	0.0001	23700475	Stimulus	S  8
2370.0674	0.0001	23700675	Stimulus	S  4
2370.0874	0.0001	23700875	Stimulus	S  4
2370.1074	0.0001	23701075	Stimulus	S  8
2370.1274	0.0001	23701275	Stimulus	S  8
2370.1474	0.0001	23701475	Stimulus	S  8
2370.1674	0.0001	23701675	Stimulus	S  4
2370.1874	0.0001	23701875	Stimulus	S  4
2370.2074	0.0001	23702075	Stimulus	S  4
2416.4213	0.0001	24164214	Stimulus	S  2
2420.808	0.0001	24208081	Stimulus	S  1
2420.918	0.0001	24209181	Stimulus	S  4
2420.938	0.0001	24209381	Stimulus	S  4
2420.958	0.0001	24209581	Stimulus	S  4
2420.978	0.0001	24209781	Stimulus	S  8
2420.998	0.0001	24209981	Stimulus	S  8
2421.018	0.0001	24210181	Stimulus	S  8
2421.038	0.0001	24210381	Stimulus	S  4
2421.058	0.0001	24210581	Stimulus	S  4
2421.078	0.0001	24210781	Stimulus	S  8
2453.2857	0.0001	24532858	Stimulus	S  2
2468.2086	0.0001	24682087	Stimulus	S  1
2468.3266	0.0001	24683267	Stimulus	S  8
2468.3466	0.0001	24683467	Stimulus	S  4
2468.3666	0.0001	24683667	Stimulus	S  4
2468.3866	0.0001	24683867	Stimulus	S  8
2468.4066	0.0001	24684067	Stimulus	S  8
2468.4266	0.0001	24684267	Stimulus	S  8
2468.4466	0.0001	24684467	Stimulus	S  4
2468.4666	0.0001	24684667	Stimulus	S  8
2468.4866	0.0001	24684867	Stimulus	S  4
2504.6863	0.0001	25046864	Stimulus	S  2
2508.317	0.0001	25083171	Stimulus	S  1
2508.421	0.0001	25084211	Stimulus	S  4
2508.441	0.0001	25084411	Stimulus	S  4
2508.461	0.0001	25084611	Stimulus	S  4
2508.481	0.0001	25084811	Stimulus	S  8
2508.501	0.0001	25085011	Stimulus	S  8
2508.521	0.0001	25085211	Stimulus	S  8
2508.541	0.0001	25085411	Stimulus	S  4
2508.561	0.0001	25085611	Stimulus	S  8
2508.581	0.0001	25085811	Stimulus	S  8
2538.7947	0.0001	25387948	Stimulus	S  2
2548.4155	0.0001	25484156	Stimulus	S  1
2548.5175	0.0001	25485176	Stimulus	S  8
2548.5375	0.0001	25485376	Stimulus	S  4
2548.5575	0.0001	25485576	Stimulus	S  4
2548.5775	0.0001	25485776	Stimulus	S  8
2548.5975	0.0001	25485976	Stimulus	S  8
2548.6175	0.0001	25486176	Stimulus	S  8
2548.6375	0.0001	25486376	Stimulus	S  8
2548.6575	0.0001	25486576	Stimulus	S  4
2548.6775	0.0001	25486776	Stimulus	S  4
2584.8932	0.0001	25848933	Stimulus	S  2
2588.988	0.0001	25889881	Stimulus	S  1
2589.092	0.0001	25890921	Stimulus	S  8
2589.112	0.0001	25891121	Stimulus	S  4
2589.132	0.0001	25891321	Stimulus	S  4
2589.152	0.0001	25891521	Stimulus	S  8
2589.172	0.0001	25891721	Stimulus	S  8
2589.192	0.0001	25891921	Stimulus	S  8
2589.212	0.0001	25892121	Stimulus	S  8
2589.232	0.0001	25892321	Stimulus	S  4
2589.252	0.0001	25892521	Stimulus	S  8
2619.9696	0.0001	26199697	Stimulus	S  2
2625.6044	0.0001	26256045	Stimulus	S  1
2625.7224	0.0001	26257225	Stimulus	S  8
2625.7424	0.0001	26257425	Stimulus	S  4
2625.7624	0.0001	26257625	Stimulus	S  4
2625.7824	0.0001	26257825	Stimulus	S  8
2625.8024	0.0001	26258025	Stimulus	S  8
2625.8224	0.0001	26258225	Stimulus	S  8
2625.8424	0.0001	26258425	Stimulus	S  8
2625.8624	0.0001	26258625	Stimulus	S  8
2625.8824	0.0001	26258825	Stimulus	S  4
2657.5861	0.0001	26575862	Stimulus	S  2
2661.6148	0.0001	26616149	Stimulus	S  1
2661.7248	0.0001	26617249	Stimulus	S  4
2661.7448	0.0001	26617449	Stimulus	S  4
2661.7648	0.0001	26617649	Stimulus	S  4
2661.7848	0.0001	26617849	Stimulus	S  8
2661.8048	0.0001	26618049	Stimulus	S  8
2661.8248	0.0001	26618249	Stimulus	S  8
2661.8448	0.0001	26618449	Stimulus	S  8
2661.8648	0.0001	26618649	Stimulus	S  8
2661.8848	0.0001	26618849	Stimulus	S  8
2696.5925	0.0001	26965926	Stimulus	S  2
2703.4113	0.0001	27034114	Stimulus	S  1
2703.5253	0.0001	27035254	Stimulus	S  4
2703.5453	0.0001	27035454	Stimulus	S  4
2703.5653	0.0001	27035654	Stimulus	S  8
2703.5853	0.0001	27035854	Stimulus	S  4
2703.6053	0.0001	27036054	Stimulus	S  4
2703.6253	0.0001	27036254	Stimulus	S  4
2703.6453	0.0001	27036454	Stimulus	S  4
2703.6653	0.0001	27036654	Stimulus	S  4
2703.6853	0.0001	27036854	Stimulus	S  4
2735.889	0.0001	27358891	Stimulus	S  2
2738.6857	0.0001	27386858	Stimulus	S  1
2738.7997	0.0001	27387998	Stimulus	S  4
2738.8197	0.0001	27388198	Stimulus	S  4
2738.8397	0.0001	27388398	Stimulus	S  8
2738.8597	0.0001	27388598	Stimulus	S  4
2738.8797	0.0001	27388798	Stimulus	S  4
2738.8997	0.0001	27388998	Stimulus	S  4
2738.9197	0.0001	27389198	Stimulus	S  4
2738.9397	0.0001	27389398	Stimulus	S  4
2738.9597	0.0001	27389598	Stimulus	S  8
2769.1634	0.0001	27691635	Stimulus	S  2
2780.2042	0.0001	27802043	Stimulus	S  1
2780.3122	0.0001	27803123	Stimulus	S  4
2780.3322	0.0001	27803323	Stimulus	S  4
2780.3522	0.0001	27803523	Stimulus	S  8
2780.3722	0.0001	27803723	Stimulus	S  4
2780.3922	0.0001	27803923	Stimulus	S  4
2780.4122	0.0001	27804123	Stimulus	S  4
2780.4322	0.0001	27804323	Stimulus	S  4
2780.4522	0.0001	27804523	Stimulus	S  8
2780.4722	0.0001	27804723	Stimulus	S  4
2820.682	0.0001	28206821	Stimulus	S  2
2825.6407	0.0001	28256408	Stimulus	S  1
2825.7487	0.0001	28257488	Stimulus	S  4
2825.7687	0.0001	28257688	Stimulus	S  4
2825.7887	0.0001	28257888	Stimulus	S  8
2825.8087	0.0001	28258088	Stimulus	S  4
2825.8287	0.0001	28258288	Stimulus	S  4
2825.8487	0.0001	28258488	Stimulus	S  4
2825.8687	0.0001	28258688	Stimulus	S  4
2825.8887	0.0001	28258888	Stimulus	S  8
2825.9087	0.0001	28259088	Stimulus	S  8
2866.1185	0.0001	28661186	Stimulus	S  2
2868.7192	0.0001	28687193	Stimulus	S  1
2868.8232	0.0001	28688233	Stimulus	S  4
2868.8432	0.0001	28688433	Stimulus	S  4
2868.8632	0.0001	28688633	Stimulus	S  8
2868.8832	0.0001	28688833	Stimulus	S  4
2868.9032	0.0001	28689033	Stimulus	S  4
2868.9232	0.0001	28689233	Stimulus	S  4
2868.9432	0.0001	28689433	Stimulus	S  8
2868.9632	0.0001	28689633	Stimulus	S  4
2868.9832	0.0001	28689833	Stimulus	S  4
2899.1969	0.0001	28991970	Stimulus	S  2
2904.2256	0.0001	29042257	Stimulus	S  1
2904.3316	0.0001	29043317	Stimulus	S  8
2904.3516	0.0001	29043517	Stimulus	S  4
2904.3716	0.0001	29043717	Stimulus	S  8
2904.3916	0.0001	29043917	Stimulus	S  4
2904.4116	0.0001	29044117	Stimulus	S  4
2904.4316	0.0001	29044317	Stimulus	S  4
2904.4516	0.0001	29044517	Stimulus	S  8
2904.4716	0.0001	29044717	Stimulus	S  4
2904.4916	0.0001	29044917	Stimulus	S  8
2938.7034	0.0001	29387035	Stimulus	S  2
2942.3021	0.0001	29423022	Stimulus	S  1
2942.4081	0.0001	29424082	Stimulus	S  8
2942.4281	0.0001	29424282	Stimulus	S  4
2942.4481	0.0001	29424482	Stimulus	S  8
2942.4681	0.0001	29424682	Stimulus	S  4
2942.4881	0.0001	29424882	Stimulus	S  4
2942.5081	0.0001	29425082	Stimulus	S  4
2942.5281	0.0001	29425282	Stimulus	S  8
2942.5481	0.0001	29425482	Stimulus	S  8
2942.5681	0.0001	29425682	Stimulus	S  4
2972.7797	0.0001	29727798	Stimulus	S  2
2976.2305	0.0001	29762306	Stimulus	S  1
2976.3465	0.0001	29763466	Stimulus	S  4
2976.3665	0.0001	29763666	Stimulus	S  4
2976.3865	0.0001	29763866	Stimulus	S  8
2976.4065	0.0001	29764066	Stimulus	S  4
2976.4265	0.0001	29764266	Stimulus	S  4
2976.4465	0.0001	29764466	Stimulus	S  4
2976.4665	0.0001	29764666	Stimulus	S  8
2976.4865	0.0001	29764866	Stimulus	S  8
2976.5065	0.0001	29765066	Stimulus	S  8
3006.7081	0.0001	30067082	Stimulus	S  2
3011.4969	0.0001	30114970	Stimulus	S  1
3011.6029	0.0001	30116030	Stimulus	S  8
3011.6229	0.0001	30116230	Stimulus	S  4
3011.6429	0.0001	30116430	Stimulus	S  8
3011.6629	0.0001	30116630	Stimulus	S  4
3011.6829	0.0001	30116830	Stimulus	S  4
3011.7029	0.0001	30117030	Stimulus	S  8
3011.7229	0.0001	30117230	Stimulus	S  4
3011.7429	0.0001	30117430	Stimulus	S  4
3011.7629	0.0001	30117630	Stimulus	S  4
3045.7279	0.0001	30457280	Stimulus	S  2
3049.2313	0.0001	30492314	Stimulus	S  1
3049.3333	0.0001	30493334	Stimulus	S  4
3049.3533	0.0001	30493534	Stimulus	S  4
3049.3733	0.0001	30493734	Stimulus	S  8
3049.3933	0.0001	30493934	Stimulus	S  4
3049.4133	0.0001	30494134	Stimulus	S  4
3049.4333	0.0001	30494334	Stimulus	S  8
3049.4533	0.0001	30494534	Stimulus	S  4
3049.4733	0.0001	30494734	Stimulus	S  4
3049.4933	0.0001	30494934	Stimulus	S  8
3079.709	0.0001	30797091	Stimulus	S  2
3093.4898	0.0001	30934899	Stimulus	S  1
3093.5958	0.0001	30935959	Stimulus	S  4
3093.6158	0.0001	30936159	Stimulus	S  4
3093.6358	0.0001	30936359	Stimulus	S  8
3093.6558	0.0001	30936559	Stimulus	S  4
3093.6758	0.0001	30936759	Stimulus	S  4
3093.6958	0.0001	30936959	Stimulus	S  8
3093.7158	0.0001	30937159	Stimulus	S  4
3093.7358	0.0001	30937359	Stimulus	S  8
3093.7558	0.0001	30937559	Stimulus	S  4
3136.717	0.0001	31367171	Stimulus	S  2
3141.4624	0.0001	31414625	Stimulus	S  1
3141.5784	0.0001	31415785	Stimulus	S  8
3141.5984	0.0001	31415985	Stimulus	S  4
3141.6184	0.0001	31416185	Stimulus	S  8
3141.6384	0.0001	31416385	Stimulus	S  4
3141.6584	0.0001	31416585	Stimulus	S  4
3141.6784	0.0001	31416785	Stimulus	S  8
3141.6984	0.0001	31416985	Stimulus	S  4
3141.7184	0.0001	31417185	Stimulus	S  8
3141.7384	0.0001	31417385	Stimulus	S  8
3170.444	0.0001	31704441	Stimulus	S  2
3172.9787	0.0001	31729788	Stimulus	S  1
3173.0867	0.0001	31730868	Stimulus	S  4
3173.1067	0.0001	31731068	Stimulus	S  4
3173.1267	0.0001	31731268	Stimulus	S  8
3173.1467	0.0001	31731468	Stimulus	S  4
3173.1667	0.0001	31731668	Stimulus	S  4
3173.1867	0.0001	31731868	Stimulus	S  8
3173.2067	0.0001	31732068	Stimulus	S  8
3173.2267	0.0001	31732268	Stimulus	S  4
3173.2467	0.0001	31732468	Stimulus	S  4
3203.4564	0.0001	32034565	Stimulus	S  2
3206.1831	0.0001	32061832	Stimulus	S  1
3206.3011	0.0001	32063012	Stimulus	S  8
3206.3211	0.0001	32063212	Stimulus	S  4
3206.3411	0.0001	32063412	Stimulus	S  8
3206.3611	0.0001	32063612	Stimulus	S  4
3206.3811	0.0001	32063812	Stimulus	S  4
3206.4011	0.0001	32064012	Stimulus	S  8
3206.4211	0.0001	32064212	Stimulus	S  8
3206.4411	0.0001	32064412	Stimulus	S  4
3206.4611	0.0001	32064612	Stimulus	S  8
3235.1648	0.0001	32351649	Stimulus	S  2
3244.4396	0.0001	32444397	Stimulus	S  1
3244.5476	0.0001	32445477	Stimulus	S  4
3244.5676	0.0001	32445677	Stimulus	S  4
3244.5876	0.0001	32445877	Stimulus	S  8
3244.6076	0.0001	32446077	Stimulus	S  4
3244.6276	0.0001	32446277	Stimulus	S  4
3244.6476	0.0001	32446477	Stimulus	S  8
3244.6676	0.0001	32446677	Stimulus	S  8
3244.6876	0.0001	32446877	Stimulus	S  8
3244.7076	0.0001	32447077	Stimulus	S  4
3281.6667	0.0001	32816668	Stimulus	S  2
3284.314	0.0001	32843141	Stimulus	S  1
3284.422	0.0001	32844221	Stimulus	S  8
3284.442	0.0001	32844421	Stimulus	S  4
3284.462	0.0001	32844621	Stimulus	S  8
3284.482	0.0001	32844821	Stimulus	S  4
3284.502	0.0001	32845021	Stimulus	S  4
3284.522	0.0001	32845221	Stimulus	S  8
3284.542	0.0001	32845421	Stimulus	S  8
3284.562	0.0001	32845621	Stimulus	S  8
3284.582	0.0001	32845821	Stimulus	S  8
3319.0451	0.0001	33190452	Stimulus	S  2
3328.5765	0.0001	33285766	Stimulus	S  1
3328.6845	0.0001	33286846	Stimulus	S  4
3328.7045	0.0001	33287046	Stimulus	S  4
3328.7245	0.0001	33287246	Stimulus	S  8
3328.7445	0.0001	33287446	Stimulus	S  4
3328.7645	0.0001	33287646	Stimulus	S  8
3328.7845	0.0001	33287846	Stimulus	S  4
3328.8045	0.0001	33288046	Stimulus	S  4
3328.8245	0.0001	33288246	Stimulus	S  4
3328.8445	0.0001	33288446	Stimulus	S  4
3371.8037	0.0001	33718038	Stimulus	S  2
3375.8491	0.0001	33758492	Stimulus	S  1
3375.9671	0.0001	33759672	Stimulus	S  4
3375.9871	0.0001	33759872	Stimulus	S  4
3376.0071	0.0001	33760072	Stimulus	S  8
3376.0271	0.0001	33760272	Stimulus	S  4
3376.0471	0.0001	33760472	Stimulus	S  8
3376.0671	0.0001	33760672	Stimulus	S  4
3376.0871	0.0001	33760872	Stimulus	S  4
3376.1071	0.0001	33761072	Stimulus	S  4
3376.1271	0.0001	33761272	Stimulus	S  8
3412.3268	0.0001	34123269	Stimulus	S  2
3415.6795	0.0001	34156796	Stimulus	S  1
3415.7835	0.0001	34157836	Stimulus	S  8
3415.8035	0.0001	34158036	Stimulus	S  4
3415.8235	0.0001	34158236	Stimulus	S  8
3415.8435	0.0001	34158436	Stimulus	S  4
3415.8635	0.0001	34158636	Stimulus	S  8
3415.8836	0.0001	34158837	Stimulus	S  4
3415.9035	0.0001	34159036	Stimulus	S  4
3415.9236	0.0001	34159237	Stimulus	S  8
3415.9436	0.0001	34159437	Stimulus	S  4
3446.1572	0.0001	34461573	Stimulus	S  2
3459.1841	0.0001	34591842	Stimulus	S  1
3459.2961	0.0001	34592962	Stimulus	S  4
3459.3161	0.0001	34593162	Stimulus	S  4
3459.3361	0.0001	34593362	Stimulus	S  8
3459.3561	0.0001	34593562	Stimulus	S  4
3459.3761	0.0001	34593762	Stimulus	S  8
3459.3961	0.0001	34593962	Stimulus	S  4
3459.4161	0.0001	34594162	Stimulus	S  4
3459.4361	0.0001	34594362	Stimulus	S  8
3459.4561	0.0001	34594562	Stimulus	S  8
3501.6619	0.0001	35016620	Stimulus	S  2
3507.1426	0.0001	35071427	Stimulus	S  1
3507.2486	0.0001	35072487	Stimulus	S  4
3507.2686	0.0001	35072687	Stimulus	S  4
3507.2886	0.0001	35072887	Stimulus	S  8
3507.3086	0.0001	35073087	Stimulus	S  4
3507.3286	0.0001	35073287	Stimulus	S  8
3507.3486	0.0001	35073487	Stimulus	S  4
3507.3686	0.0001	35073687	Stimulus	S  8
3507.3886	0.0001	35073887	Stimulus	S  4
3507.4086	0.0001	35074087	Stimulus	S  4
3547.6204	0.0001	35476205	Stimulus	S  2
3554.0671	0.0001	35540672	Stimulus	S  1
3554.1792	0.0001	35541793	Stimulus	S  8
3554.1992	0.0001	35541993	Stimulus	S  4
3554.2192	0.0001	35542193	Stimulus	S  8
3554.2392	0.0001	35542393	Stimulus	S  4
3554.2592	0.0001	35542593	Stimulus	S  8
3554.2792	0.0001	35542793	Stimulus	S  4
3554.2992	0.0001	35542993	Stimulus	S  8
3554.3192	0.0001	35543193	Stimulus	S  4
3554.3392	0.0001	35543393	Stimulus	S  8
3586.5449	0.0001	35865450	Stimulus	S  2
3590.1716	0.0001	35901717	Stimulus	S  1
3590.2776	0.0001	35902777	Stimulus	S  4
3590.2976	0.0001	35902977	Stimulus	S  4
3590.3176	0.0001	35903177	Stimulus	S  8
3590.3376	0.0001	35903377	Stimulus	S  4
3590.3576	0.0001	35903577	Stimulus	S  8
3590.3776	0.0001	35903777	Stimulus	S  4
3590.3976	0.0001	35903977	Stimulus	S  8
3590.4176	0.0001	35904177	Stimulus	S  8
3590.4376	0.0001	35904377	Stimulus	S  4
3620.6493	0.0001	36206494	Stimulus	S  2
3638.4341	0.0001	36384342	Stimulus	S  1
3638.5421	0.0001	36385422	Stimulus	S  4
3638.5621	0.0001	36385622	Stimulus	S  4
3638.5821	0.0001	36385822	Stimulus	S  8
3638.6021	0.0001	36386022	Stimulus	S  4
3638.6221	0.0001	36386222	Stimulus	S  8
3638.6421	0.0001	36386422	Stimulus	S  4
3638.6621	0.0001	36386622	Stimulus	S  8
3638.6821	0.0001	36386822	Stimulus	S  8
3638.7021	0.0001	36387022	Stimulus	S  8
3674.9119	0.0001	36749120	Stimulus	S  2
3782.2218	0.0001	37822219	Stimulus	S  1
3782.3258	0.0001	37823259	Stimulus	S  4
3782.3458	0.0001	37823459	Stimulus	S  4
3782.3658	0.0001	37823659	Stimulus	S  8
3782.3858	0.0001	37823859	Stimulus	S  4
3782.4058	0.0001	37824059	Stimulus	S  8
3782.4258	0.0001	37824259	Stimulus	S  8
3782.4458	0.0001	37824459	Stimulus	S  4
3782.4658	0.0001	37824659	Stimulus	S  4
3782.4858	0.0001	37824859	Stimulus	S  4
3824.6996	0.0001	38246997	Stimulus	S  2
3828.7523	0.0001	38287524	Stimulus	S  1
3828.8583	0.0001	38288584	Stimulus	S  8
3828.8783	0.0001	38288784	Stimulus	S  4
3828.8983	0.0001	38288984	Stimulus	S  8
3828.9183	0.0001	38289184	Stimulus	S  4
3828.9383	0.0001	38289384	Stimulus	S  8
3828.9583	0.0001	38289584	Stimulus	S  8
3828.9783	0.0001	38289784	Stimulus	S  4
3828.9983	0.0001	38289984	Stimulus	S  4
3829.0183	0.0001	38290184	Stimulus	S  8
3859.23	0.0001	38592301	Stimulus	S  2
3872.7628	0.0001	38727629	Stimulus	S  1
3872.8688	0.0001	38728689	Stimulus	S  4
3872.8888	0.0001	38728889	Stimulus	S  4
3872.9088	0.0001	38729089	Stimulus	S  8
3872.9288	0.0001	38729289	Stimulus	S  4
3872.9488	0.0001	38729489	Stimulus	S  8
3872.9688	0.0001	38729689	Stimulus	S  8
3872.9888	0.0001	38729889	Stimulus	S  4
3873.0088	0.0001	38730089	Stimulus	S  8
3873.0288	0.0001	38730289	Stimulus	S  4
3915.7407	0.0001	39157408	Stimulus	S  2
3921.6394	0.0001	39216395	Stimulus	S  1
3921.7494	0.0001	39217495	Stimulus	S  4
3921.7694	0.0001	39217695	Stimulus	S  4
3921.7894	0.0001	39217895	Stimulus	S  8
3921.8094	0.0001	39218095	Stimulus	S  4
3921.8294	0.0001	39218295	Stimulus	S  8
3921.8494	0.0001	39218495	Stimulus	S  8
3921.8694	0.0001	39218695	Stimulus	S  4
3921.8894	0.0001	39218895	Stimulus	S  8
3921.9094	0.0001	39219095	Stimulus	S  8
3954.1171	0.0001	39541172	Stimulus	S  2
3956.8778	0.0001	39568779	Stimulus	S  1
3956.9878	0.0001	39569879	Stimulus	S  8
3957.0078	0.0001	39570079	Stimulus	S  4
3957.0278	0.0001	39570279	Stimulus	S  8
3957.0478	0.0001	39570479	Stimulus	S  4
3957.0678	0.0001	39570679	Stimulus	S  8
3957.0878	0.0001	39570879	Stimulus	S  8
3957.1078	0.0001	39571079	Stimulus	S  8
3957.1278	0.0001	39571279	Stimulus	S  4
3957.1478	0.0001	39571479	Stimulus	S  4
3989.3555	0.0001	39893556	Stimulus	S  2
3991.9482	0.0001	39919483	Stimulus	S  1
3992.0562	0.0001	39920563	Stimulus	S  8
3992.0762	0.0001	39920763	Stimulus	S  4
3992.0962	0.0001	39920963	Stimulus	S  8
3992.1162	0.0001	39921163	Stimulus	S  4
3992.1362	0.0001	39921363	Stimulus	S  8
3992.1562	0.0001	39921563	Stimulus	S  8
3992.1762	0.0001	39921763	Stimulus	S  8
3992.1962	0.0001	39921963	Stimulus	S  4
3992.2162	0.0001	39922163	Stimulus	S  8
4022.4259	0.0001	40224260	Stimulus	S  2
4025.6426	0.0001	40256427	Stimulus	S  1
4025.7466	0.0001	40257467	Stimulus	S  4
4025.7666	0.0001	40257667	Stimulus	S  4
4025.7866	0.0001	40257867	Stimulus	S  8
4025.8066	0.0001	40258067	Stimulus	S  4
4025.8266	0.0001	40258267	Stimulus	S  8
4025.8466	0.0001	40258467	Stimulus	S  8
4025.8666	0.0001	40258667	Stimulus	S  8
4025.8866	0.0001	40258867	Stimulus	S  8
4025.9066	0.0001	40259067	Stimulus	S  4
4056.1203	0.0001	40561204	Stimulus	S  2
4059.153	0.0001	40591531	Stimulus	S  1
4059.263	0.0001	40592631	Stimulus	S  8
4059.283	0.0001	40592831	Stimulus	S  4
4059.303	0.0001	40593031	Stimulus	S  8
4059.323	0.0001	40593231	Stimulus	S  4
4059.343	0.0001	40593431	Stimulus	S  8
4059.363	0.0001	40593631	Stimulus	S  8
4059.383	0.0001	40593831	Stimulus	S  8
4059.403	0.0001	40594031	Stimulus	S  8
4059.423	0.0001	40594231	Stimulus	S  8
4091.6307	0.0001	40916308	Stimulus	S  2
4095.7594	0.0001	40957595	Stimulus	S  1
4095.8734	0.0001	40958735	Stimulus	S  4
4095.8934	0.0001	40958935	Stimulus	S  4
4095.9134	0.0001	40959135	Stimulus	S  8
4095.9334	0.0001	40959335	Stimulus	S  8
4095.9534	0.0001	40959535	Stimulus	S  4
4095.9734	0.0001	40959735	Stimulus	S  4
4095.9934	0.0001	40959935	Stimulus	S  4
4096.0134	0.0001	40960135	Stimulus	S  4
4096.0334	0.0001	40960335	Stimulus	S  4
4128.2371	0.0001	41282372	Stimulus	S  2
4130.1498	0.0001	41301499	Stimulus	S  1
4130.2658	0.0001	41302659	Stimulus	S  4
4130.2858	0.0001	41302859	Stimulus	S  4
4130.3058	0.0001	41303059	Stimulus	S  8
4130.3258	0.0001	41303259	Stimulus	S  8
4130.3458	0.0001	41303459	Stimulus	S  4
4130.3658	0.0001	41303659	Stimulus	S  4
4130.3858	0.0001	41303859	Stimulus	S  4
4130.4058	0.0001	41304059	Stimulus	S  4
4130.4258	0.0001	41304259	Stimulus	S  8
4162.6275	0.0001	41626276	Stimulus	S  2
4181.1604	0.0001	41811605	Stimulus	S  1
4181.2684	0.0001	41812685	Stimulus	S  8
4181.2884	0.0001	41812885	Stimulus	S  4
4181.3084	0.0001	41813085	Stimulus	S  8
4181.3284	0.0001	41813285	Stimulus	S  8
4181.3484	0.0001	41813485	Stimulus	S  4
4181.3684	0.0001	41813685	Stimulus	S  4
4181.3884	0.0001	41813885	Stimulus	S  4
4181.4084	0.0001	41814085	Stimulus	S  8
4181.4284	0.0001	41814285	Stimulus	S  4
4231.1423	0.0001	42311424	Stimulus	S  2
4233.503	0.0001	42335031	Stimulus	S  1
4233.609	0.0001	42336091	Stimulus	S  4
4233.629	0.0001	42336291	Stimulus	S  4
4233.649	0.0001	42336491	Stimulus	S  8
4233.669	0.0001	42336691	Stimulus	S  8
4233.689	0.0001	42336891	Stimulus	S  4
4233.709	0.0001	42337091	Stimulus	S  4
4233.729	0.0001	42337291	Stimulus	S  4
4233.749	0.0001	42337491	Stimulus	S  8
4233.769	0.0001	42337691	Stimulus	S  8
4266.9807	0.0001	42669808	Stimulus	S  2
4271.6374	0.0001	42716375	Stimulus	S  1
4271.7514	0.0001	42717515	Stimulus	S  8
4271.7714	0.0001	42717715	Stimulus	S  4
4271.7914	0.0001	42717915	Stimulus	S  8
4271.8114	0.0001	42718115	Stimulus	S  8
4271.8314	0.0001	42718315	Stimulus	S  4
4271.8514	0.0001	42718515	Stimulus	S  4
4271.8714	0.0001	42718715	Stimulus	S  8
4271.8914	0.0001	42718915	Stimulus	S  4
4271.9114	0.0001	42719115	Stimulus	S  4
4303.3685	0.0001	43033686	Stimulus	S  2
4309.1519	0.0001	43091520	Stimulus	S  1
4309.2599	0.0001	43092600	Stimulus	S  8
4309.2799	0.0001	43092800	Stimulus	S  4
4309.2999	0.0001	43093000	Stimulus	S  8
4309.3199	0.0001	43093200	Stimulus	S  8
4309.3399	0.0001	43093400	Stimulus	S  4
4309.3599	0.0001	43093600	Stimulus	S  4
4309.3799	0.0001	43093800	Stimulus	S  8
4309.3999	0.0001	43094000	Stimulus	S  4
4309.4199	0.0001	43094200	Stimulus	S  8
4345.6296	0.0001	43456297	Stimulus	S  2
4351.2024	0.0001	43512025	Stimulus	S  1
4351.3064	0.0001	43513065	Stimulus	S  4
4351.3264	0.0001	43513265	Stimulus	S  4
4351.3464	0.0001	43513465	Stimulus	S  8
4351.3664	0.0001	43513665	Stimulus	S  8
4351.3864	0.0001	43513865	Stimulus	S  4
4351.4064	0.0001	43514065	Stimulus	S  4
4351.4264	0.0001	43514265	Stimulus	S  8
4351.4464	0.0001	43514465	Stimulus	S  8
4351.4664	0.0001	43514665	Stimulus	S  4
4387.6801	0.0001	43876802	Stimulus	S  2
4389.8188	0.0001	43898189	Stimulus	S  1
4389.9228	0.0001	43899229	Stimulus	S  8
4389.9428	0.0001	43899429	Stimulus	S  4
4389.9628	0.0001	43899629	Stimulus	S  8
4389.9828	0.0001	43899829	Stimulus	S  8
4390.0028	0.0001	43900029	Stimulus	S  4
4390.0228	0.0001	43900229	Stimulus	S  4
4390.0428	0.0001	43900429	Stimulus	S  8
4390.0628	0.0001	43900629	Stimulus	S  8
4390.0828	0.0001	43900829	Stimulus	S  8
4420.2965	0.0001	44202966	Stimulus	S  2
4426.3832	0.0001	44263833	Stimulus	S  1
4426.4912	0.0001	44264913	Stimulus	S  4
4426.5112	0.0001	44265113	Stimulus	S  4
4426.5312	0.0001	44265313	Stimulus	S  8
4426.5512	0.0001	44265513	Stimulus	S  8
4426.5712	0.0001	44265713	Stimulus	S  4
4426.5912	0.0001	44265913	Stimulus	S  8
4426.6112	0.0001	44266113	Stimulus	S  4
4426.6312	0.0001	44266313	Stimulus	S  4
4426.6512	0.0001	44266513	Stimulus	S  4
4459.861	0.0001	44598611	Stimulus	S  2
4465.3997	0.0001	44653998	Stimulus	S  1
4465.5077	0.0001	44655078	Stimulus	S  4
4465.5277	0.0001	44655278	Stimulus	S  4
4465.5477	0.0001	44655478	Stimulus	S  8
4465.5677	0.0001	44655678	Stimulus	S  8
4465.5877	0.0001	44655878	Stimulus	S  4
4465.6077	0.0001	44656078	Stimulus	S  8
4465.6277	0.0001	44656278	Stimulus	S  4
4465.6477	0.0001	44656478	Stimulus	S  4
4465.6677	0.0001	44656678	Stimulus	S  8
4503.3775	0.0001	45033776	Stimulus	S  2
4507.7782	0.0001	45077783	Stimulus	S  1
4507.8802	0.0001	45078803	Stimulus	S  4
4507.9002	0.0001	45079003	Stimulus	S  4
4507.9202	0.0001	45079203	Stimulus	S  8
4507.9402	0.0001	45079403	Stimulus	S  8
4507.9602	0.0001	45079603	Stimulus	S  4
4507.9802	0.0001	45079803	Stimulus	S  8
4508.0002	0.0001	45080003	Stimulus	S  4
4508.0202	0.0001	45080203	Stimulus	S  8
4508.0402	0.0001	45080403	Stimulus	S  4
4548.256	0.0001	45482561	Stimulus	S  2
4551.0607	0.0001	45510608	Stimulus	S  1
4551.1747	0.0001	45511748	Stimulus	S  4
4551.1947	0.0001	45511948	Stimulus	S  4
4551.2147	0.0001	45512148	Stimulus	S  8
4551.2347	0.0001	45512348	Stimulus	S  8
4551.2547	0.0001	45512548	Stimulus	S  4
4551.2747	0.0001	45512748	Stimulus	S  8
4551.2947	0.0001	45512948	Stimulus	S  4
4551.3147	0.0001	45513148	Stimulus	S  8
4551.3347	0.0001	45513348	Stimulus	S  8
4583.5384	0.0001	45835385	Stimulus	S  2
4586.5771	0.0001	45865772	Stimulus	S  1
4586.6851	0.0001	45866852	Stimulus	S  4
4586.7051	0.0001	45867052	Stimulus	S  4
4586.7251	0.0001	45867252	Stimulus	S  8
4586.7451	0.0001	45867452	Stimulus	S  8
4586.7651	0.0001	45867652	Stimulus	S  4
4586.7851	0.0001	45867852	Stimulus	S  8
4586.8051	0.0001	45868052	Stimulus	S  8
4586.8251	0.0001	45868252	Stimulus	S  4
4586.8451	0.0001	45868452	Stimulus	S  4
4621.0548	0.0001	46210549	Stimulus	S  2
4628.5956	0.0001	46285957	Stimulus	S  1
4628.7036	0.0001	46287037	Stimulus	S  8
4628.7236	0.0001	46287237	Stimulus	S  4
4628.7436	0.0001	46287437	Stimulus	S  8
4628.7636	0.0001	46287637	Stimulus	S  8
4628.7836	0.0001	46287837	Stimulus	S  4
4628.8036	0.0001	46288037	Stimulus	S  8
4628.8236	0.0001	46288237	Stimulus	S  8
4628.8436	0.0001	46288437	Stimulus	S  4
4628.8636	0.0001	46288637	Stimulus	S  8
4669.5774	0.0001	46695775	Stimulus	S  2
4681.6442	0.0001	46816443	Stimulus	S  1
4681.7622	0.0001	46817623	Stimulus	S  4
4681.7822	0.0001	46817823	Stimulus	S  4
4681.8022	0.0001	46818023	Stimulus	S  8
4681.8222	0.0001	46818223	Stimulus	S  8
4681.8422	0.0001	46818423	Stimulus	S  4
4681.8622	0.0001	46818623	Stimulus	S  8
4681.8822	0.0001	46818823	Stimulus	S  8
4681.9022	0.0001	46819023	Stimulus	S  8
4681.9222	0.0001	46819223	Stimulus	S  4
4712.1219	0.0001	47121220	Stimulus	S  2
4715.1526	0.0001	47151527	Stimulus	S  1
4715.2606	0.0001	47152607	Stimulus	S  4
4715.2806	0.0001	47152807	Stimulus	S  4
4715.3006	0.0001	47153007	Stimulus	S  8
4715.3206	0.0001	47153207	Stimulus	S  8
4715.3406	0.0001	47153407	Stimulus	S  4
4715.3606	0.0001	47153607	Stimulus	S  8
4715.3806	0.0001	47153807	Stimulus	S  8
4715.4006	0.0001	47154007	Stimulus	S  8
4715.4206	0.0001	47154207	Stimulus	S  8
4747.6303	0.0001	47476304	Stimulus	S  2
4753.009	0.0001	47530091	Stimulus	S  1
4753.123	0.0001	47531231	Stimulus	S  8
4753.143	0.0001	47531431	Stimulus	S  4
4753.163	0.0001	47531631	Stimulus	S  8
4753.183	0.0001	47531831	Stimulus	S  8
4753.203	0.0001	47532031	Stimulus	S  8
4753.223	0.0001	47532231	Stimulus	S  4
4753.243	0.0001	47532431	Stimulus	S  4
4753.263	0.0001	47532631	Stimulus	S  4
4753.283	0.0001	47532831	Stimulus	S  4
4784.24	0.0001	47842401	Stimulus	S  2
4788.7634	0.0001	47887635	Stimulus	S  1
4788.8814	0.0001	47888815	Stimulus	S  8
4788.9014	0.0001	47889015	Stimulus	S  4
4788.9214	0.0001	47889215	Stimulus	S  8
4788.9414	0.0001	47889415	Stimulus	S  8
4788.9614	0.0001	47889615	Stimulus	S  8
4788.9814	0.0001	47889815	Stimulus	S  4
4789.0014	0.0001	47890015	Stimulus	S  4
4789.0214	0.0001	47890215	Stimulus	S  4
4789.0414	0.0001	47890415	Stimulus	S  8
4819.2411	0.0001	48192412	Stimulus	S  2
4832.2799	0.0001	48322800	Stimulus	S  1
4832.3859	0.0001	48323860	Stimulus	S  8
4832.4059	0.0001	48324060	Stimulus	S  4
4832.4259	0.0001	48324260	Stimulus	S  8
4832.4459	0.0001	48324460	Stimulus	S  8
4832.4659	0.0001	48324660	Stimulus	S  8
4832.4859	0.0001	48324860	Stimulus	S  4
4832.5059	0.0001	48325060	Stimulus	S  4
4832.5259	0.0001	48325260	Stimulus	S  8
4832.5459	0.0001	48325460	Stimulus	S  4
4874.7577	0.0001	48747578	Stimulus	S  2
4881.7865	0.0001	48817866	Stimulus	S  1
4881.8905	0.0001	48818906	Stimulus	S  4
4881.9105	0.0001	48819106	Stimulus	S  4
4881.9305	0.0001	48819306	Stimulus	S  8
4881.9505	0.0001	48819506	Stimulus	S  8
4881.9705	0.0001	48819706	Stimulus	S  8
4881.9905	0.0001	48819906	Stimulus	S  4
4882.0105	0.0001	48820106	Stimulus	S  4
4882.0305	0.0001	48820306	Stimulus	S  8
4882.0505	0.0001	48820506	Stimulus	S  8
4930.2644	0.0001	49302645	Stimulus	S  2
4939.4272	0.0001	49394273	Stimulus	S  1
4939.5432	0.0001	49395433	Stimulus	S  8
4939.5632	0.0001	49395633	Stimulus	S  4
4939.5832	0.0001	49395833	Stimulus	S  8
4939.6032	0.0001	49396033	Stimulus	S  8
4939.6232	0.0001	49396233	Stimulus	S  8
4939.6432	0.0001	49396433	Stimulus	S  4
4939.6632	0.0001	49396633	Stimulus	S  8
4939.6832	0.0001	49396833	Stimulus	S  4
4939.7032	0.0001	49397033	Stimulus	S  4
4973.7835	0.0001	49737836	Stimulus	S  2
4976.0036	0.0001	49760037	Stimulus	S  1
4976.1176	0.0001	49761177	Stimulus	S  4
4976.1376	0.0001	49761377	Stimulus	S  4
4976.1576	0.0001	49761577	Stimulus	S  8
4976.1776	0.0001	49761777	Stimulus	S  8
4976.1976	0.0001	49761977	Stimulus	S  8
4976.2176	0.0001	49762177	Stimulus	S  4
4976.2376	0.0001	49762377	Stimulus	S  8
4976.2576	0.0001	49762577	Stimulus	S  4
4976.2776	0.0001	49762777	Stimulus	S  8
5008.4813	0.0001	50084814	Stimulus	S  2
5011.524	0.0001	50115241	Stimulus	S  1
5011.632	0.0001	50116321	Stimulus	S  8
5011.652	0.0001	50116521	Stimulus	S  4
5011.672	0.0001	50116721	Stimulus	S  8
5011.692	0.0001	50116921	Stimulus	S  8
5011.712	0.0001	50117121	Stimulus	S  8
5011.732	0.0001	50117321	Stimulus	S  4
5011.752	0.0001	50117521	Stimulus	S  8
5011.772	0.0001	50117721	Stimulus	S  8
5011.792	0.0001	50117921	Stimulus	S  4
5046.0057	0.0001	50460058	Stimulus	S  2
5050.2084	0.0001	50502085	Stimulus	S  1
5050.3184	0.0001	50503185	Stimulus	S  8
5050.3384	0.0001	50503385	Stimulus	S  4
5050.3584	0.0001	50503585	Stimulus	S  8
5050.3784	0.0001	50503785	Stimulus	S  8
5050.3984	0.0001	50503985	Stimulus	S  8
5050.4184	0.0001	50504185	Stimulus	S  4
5050.4384	0.0001	50504385	Stimulus	S  8
5050.4584	0.0001	50504585	Stimulus	S  8
5050.4784	0.0001	50504785	Stimulus	S  8
5082.6861	0.0001	50826862	Stimulus	S  2
5090.1949	0.0001	50901950	Stimulus	S  1
5090.3109	0.0001	50903110	Stimulus	S  4
5090.3309	0.0001	50903310	Stimulus	S  4
5090.3509	0.0001	50903510	Stimulus	S  8
5090.3709	0.0001	50903710	Stimulus	S  8
5090.3909	0.0001	50903910	Stimulus	S  8
5090.4109	0.0001	50904110	Stimulus	S  8
5090.4309	0.0001	50904310	Stimulus	S  4
5090.4509	0.0001	50904510	Stimulus	S  4
5090.4709	0.0001	50904710	Stimulus	S  4
5122.6726	0.0001	51226727	Stimulus	S  2
5127.7073	0.0001	51277074	Stimulus	S  1
5127.8133	0.0001	51278134	Stimulus	S  4
5127.8333	0.0001	51278334	Stimulus	S  4
5127.8533	0.0001	51278534	Stimulus	S  8
5127.8733	0.0001	51278734	Stimulus	S  8
5127.8933	0.0001	51278934	Stimulus	S  8
5127.9133	0.0001	51279134	Stimulus	S  8
5127.9333	0.0001	51279334	Stimulus	S  4
5127.9533	0.0001	51279534	Stimulus	S  4
5127.9733	0.0001	51279734	Stimulus	S  8
5164.1851	0.0001	51641852	Stimulus	S  2
5165.8298	0.0001	51658299	Stimulus	S  1
5165.9458	0.0001	51659459	Stimulus	S  8
5165.9658	0.0001	51659659	Stimulus	S  4
5165.9858	0.0001	51659859	Stimulus	S  8
5166.0058	0.0001	51660059	Stimulus	S  8
5166.0258	0.0001	51660259	Stimulus	S  8
5166.0458	0.0001	51660459	Stimulus	S  8
5166.0658	0.0001	51660659	Stimulus	S  4
5166.0858	0.0001	51660859	Stimulus	S  8
5166.1058	0.0001	51661059	Stimulus	S  4
5198.3075	0.0001	51983076	Stimulus	S  2
5200.5702	0.0001	52005703	Stimulus	S  1
5200.6862	0.0001	52006863	Stimulus	S  4
5200.7062	0.0001	52007063	Stimulus	S  4
5200.7262	0.0001	52007263	Stimulus	S  8
5200.7462	0.0001	52007463	Stimulus	S  8
5200.7662	0.0001	52007663	Stimulus	S  8
5200.7862	0.0001	52007863	Stimulus	S  8
5200.8062	0.0001	52008063	Stimulus	S  4
5200.8262	0.0001	52008263	Stimulus	S  8
5200.8462	0.0001	52008463	Stimulus	S  8
5233.0479	0.0001	52330480	Stimulus	S  2
5242.0886	0.0001	52420887	Stimulus	S  1
5242.1966	0.0001	52421967	Stimulus	S  8
5242.2166	0.0001	52422167	Stimulus	S  4
5242.2366	0.0001	52422367	Stimulus	S  8
5242.2566	0.0001	52422567	Stimulus	S  8
5242.2766	0.0001	52422767	Stimulus	S  8
5242.2966	0.0001	52422967	Stimulus	S  8
5242.3166	0.0001	52423167	Stimulus	S  8
5242.3366	0.0001	52423367	Stimulus	S  4
5242.3566	0.0001	52423567	Stimulus	S  4
5282.5664	0.0001	52825665	Stimulus	S  2
5285.8551	0.0001	52858552	Stimulus	S  1
5285.9651	0.0001	52859652	Stimulus	S  8
5285.9851	0.0001	52859852	Stimulus	S  4
5286.0051	0.0001	52860052	Stimulus	S  8
5286.0252	0.0001	52860253	Stimulus	S  8
5286.0452	0.0001	52860453	Stimulus	S  8
5286.0652	0.0001	52860653	Stimulus	S  8
5286.0852	0.0001	52860853	Stimulus	S  8
5286.1052	0.0001	52861053	Stimulus	S  4
5286.1252	0.0001	52861253	Stimulus	S  8
5318.3329	0.0001	53183330	Stimulus	S  2
5329.8657	0.0001	53298658	Stimulus	S  1
5329.9717	0.0001	53299718	Stimulus	S  8
5329.9917	0.0001	53299918	Stimulus	S  4
5330.0117	0.0001	53300118	Stimulus	S  8
5330.0317	0.0001	53300318	Stimulus	S  8
5330.0517	0.0001	53300518	Stimulus	S  8
5330.0717	0.0001	53300718	Stimulus	S  8
5330.0917	0.0001	53300918	Stimulus	S  8
5330.1117	0.0001	53301118	Stimulus	S  8
5330.1317	0.0001	53301318	Stimulus	S  4
5372.8435	0.0001	53728436	Stimulus	S  2
5374.6822	0.0001	53746823	Stimulus	S  1
5374.7902	0.0001	53747903	Stimulus	S  8
5374.8102	0.0001	53748103	Stimulus	S  4
5374.8302	0.0001	53748303	Stimulus	S  8
5374.8502	0.0001	53748503	Stimulus	S  8
5374.8702	0.0001	53748703	Stimulus	S  8
5374.8902	0.0001	53748903	Stimulus	S  8
5374.9102	0.0001	53749103	Stimulus	S  8
5374.9302	0.0001	53749303	Stimulus	S  8
5374.9502	0.0001	53749503	Stimulus	S  8
5411.1599	0.0001	54111600	Stimulus	S  2
5414.4166	0.0001	54144167	Stimulus	S  1
5414.5286	0.0001	54145287	Stimulus	S  4
5414.5486	0.0001	54145487	Stimulus	S  8
5414.5686	0.0001	54145687	Stimulus	S  4
5414.5886	0.0001	54145887	Stimulus	S  4
5414.6086	0.0001	54146087	Stimulus	S  4
5414.6286	0.0001	54146287	Stimulus	S  4
5414.6486	0.0001	54146487	Stimulus	S  4
5414.6686	0.0001	54146687	Stimulus	S  4
5414.6886	0.0001	54146887	Stimulus	S  4
5450.8944	0.0001	54508945	Stimulus	S  2
5456.0331	0.0001	54560332	Stimulus	S  1
5456.1471	0.0001	54561472	Stimulus	S  8
5456.1671	0.0001	54561672	Stimulus	S  8
5456.1871	0.0001	54561872	Stimulus	S  4
5456.2071	0.0001	54562072	Stimulus	S  4
5456.2271	0.0001	54562272	Stimulus	S  4
5456.2471	0.0001	54562472	Stimulus	S  4
5456.2671	0.0001	54562672	Stimulus	S  4
5456.2871	0.0001	54562872	Stimulus	S  4
5456.3071	0.0001	54563072	Stimulus	S  8
5486.5108	0.0001	54865109	Stimulus	S  2
5489.3495	0.0001	54893496	Stimulus	S  1
5489.4595	0.0001	54894596	Stimulus	S  4
5489.4795	0.0001	54894796	Stimulus	S  8
5489.4995	0.0001	54894996	Stimulus	S  4
5489.5195	0.0001	54895196	Stimulus	S  4
5489.5395	0.0001	54895396	Stimulus	S  4
5489.5595	0.0001	54895596	Stimulus	S  4
5489.5795	0.0001	54895796	Stimulus	S  4
5489.5995	0.0001	54895996	Stimulus	S  8
5489.6195	0.0001	54896196	Stimulus	S  4
5519.8272	0.0001	55198273	Stimulus	S  2
5522.8219	0.0001	55228220	Stimulus	S  1
5522.9379	0.0001	55229380	Stimulus	S  4
5522.9579	0.0001	55229580	Stimulus	S  8
5522.9779	0.0001	55229780	Stimulus	S  4
5522.9979	0.0001	55229980	Stimulus	S  4
5523.0179	0.0001	55230180	Stimulus	S  4
5523.0379	0.0001	55230380	Stimulus	S  4
5523.0579	0.0001	55230580	Stimulus	S  4
5523.0779	0.0001	55230780	Stimulus	S  8
5523.0979	0.0001	55230980	Stimulus	S  8
5553.2996	0.0001	55532997	Stimulus	S  2
